name,category,track,mass_kg,mass_g,mass_msun,mdot_kg_s,radius_m,eta,luminosity_w,power_density_w_per_kg,power_density_w_per_g,mass_kg_err,power_density_w_per_kg_lo,power_density_w_per_kg_hi
2325+8205,cataclysmic_variables,gravitational,1.4913525e+30,1.4913525e+33,0.75,105000000000000.0,8422886.219205303,0.00013148726451389387,2.1624611249999998e+27,0.00145,1.4499999999999999e-06,1.3919290000000002e+29,0.0007578397212543553,0.002284663865546218
2325+8205,cataclysmic_variables,nuclear,1.4913525e+30,1.4913525e+33,0.75,105000000000000.0,8422886.219205303,0.007,6.60585056371561e+28,0.04429436074781522,4.429436074781522e-05,,,
AB Dra,cataclysmic_variables,gravitational,1.590776e+30,1.590776e+33,0.8,110000000000000.0,8243621.176203499,0.00014330301302986384,2.2748096800000002e+27,0.00143,1.43e-06,3.181552e+29,0.0008666666666666668,0.0022749999999999997
AB Dra,cataclysmic_variables,nuclear,1.590776e+30,1.590776e+33,0.8,110000000000000.0,8243621.176203499,0.007,6.920414876273496e+28,0.04350339002017566,4.350339002017566e-05,,,
AH Her,cataclysmic_variables,gravitational,1.8890465e+30,1.8890465e+33,0.95,170000000000000.0,7784669.037536037,0.0001802049900538592,3.5136264899999993e+27,0.0018599999999999999,1.86e-06,1.98847e+29,0.0014848739495798317,0.0023233910034602076
AH Her,cataclysmic_variables,nuclear,1.8890465e+30,1.8890465e+33,0.95,170000000000000.0,7784669.037536037,0.007,1.0695186626968129e+29,0.05661685208367359,5.661685208367359e-05,,,
AM Cas,cataclysmic_variables,gravitational,1.0936585000000001e+30,1.0936585e+33,0.55,95000000000000.0,9340292.110797748,8.695320450732936e-05,1.9576487149999998e+27,0.0017899999999999997,1.7899999999999998e-06,2.187317e+29,0.0010991228070175436,0.0028263157894736837
AM Cas,cataclysmic_variables,nuclear,1.0936585000000001e+30,1.0936585e+33,0.55,95000000000000.0,9340292.110797748,0.007,5.976721938599837e+28,0.05464888663691487,5.464888663691487e-05,,,
AQ Eri,cataclysmic_variables,gravitational,1.2925055e+30,1.2925055e+33,0.65,14000000000000.0,8834396.822789857,0.00010864751928458477,2.8952123200000005e+26,0.00022400000000000002,2.2400000000000002e-07,2.5850110000000002e+29,0.00012000000000000003,0.0003800000000000001
AQ Eri,cataclysmic_variables,nuclear,1.2925055e+30,1.2925055e+33,0.65,14000000000000.0,8834396.822789857,0.007,8.807800751620812e+27,0.006814517038125418,6.8145170381254175e-06,,,
AR And,cataclysmic_variables,gravitational,1.4913525e+30,1.4913525e+33,0.75,100000000000000.0,8422886.219205303,0.00013148726451389387,2.05806645e+27,0.00138,1.38e-06,2.982705e+29,0.0008049999999999998,0.0022425
AR And,cataclysmic_variables,nuclear,1.4913525e+30,1.4913525e+33,0.75,100000000000000.0,8422886.219205303,0.007,6.291286251157723e+28,0.04218510547410973,4.218510547410973e-05,,,
AT Ara,cataclysmic_variables,gravitational,1.0538891e+30,1.0538891e+33,0.53,1600000000000000.0,9456332.449434299,8.276305221212288e-05,3.298672883e+28,0.0313,3.13e-05,2.7838580000000004e+29,0.0170222947761194,0.055828365384615386
AT Ara,cataclysmic_variables,nuclear,1.0538891e+30,1.0538891e+33,0.53,1600000000000000.0,9456332.449434299,0.007,1.0066058001852356e+30,0.9551344635647485,0.0009551344635647485,,,
AT Cnc,cataclysmic_variables,gravitational,1.4913525e+30,1.4913525e+33,0.75,200000000000000.0,8422886.219205303,0.00013148726451389387,4.1310464249999996e+27,0.00277,2.7699999999999997e-06,2.982705e+29,0.0008079166666666665,0.0057131249999999995
AT Cnc,cataclysmic_variables,nuclear,1.4913525e+30,1.4913525e+33,0.75,200000000000000.0,8422886.219205303,0.007,1.2582572502315446e+29,0.08437021094821946,8.437021094821946e-05,,,
AY Lyr,cataclysmic_variables,gravitational,1.4913525e+30,1.4913525e+33,0.75,40000000000000.0,8422886.219205303,0.00013148726451389387,8.26209285e+26,0.000554,5.54e-07,2.982705e+29,0.00034625,0.000865625
AY Lyr,cataclysmic_variables,nuclear,1.4913525e+30,1.4913525e+33,0.75,40000000000000.0,8422886.219205303,0.007,2.516514500463089e+28,0.016874042189643893,1.6874042189643893e-05,,,
BD Pav,cataclysmic_variables,gravitational,2.2867404999999997e+30,2.2867404999999998e+33,1.15,7000000000000.0,7304358.411165932,0.0002324872424239914,1.4452199959999996e+26,6.319999999999999e-05,6.32e-08,1.3919290000000002e+29,5.106323185011709e-05,7.691005291005289e-05
BD Pav,cataclysmic_variables,nuclear,2.2867404999999997e+30,2.2867404999999998e+33,1.15,7000000000000.0,7304358.411165932,0.007,4.403900375810406e+27,0.00192584177164414,1.92584177164414e-06,,,
BF Ara,cataclysmic_variables,gravitational,1.3322749000000001e+30,1.3322749000000002e+33,0.67,75000000000000.0,8745602.905229848,0.00011312755720943657,1.5454388840000002e+27,0.00116,1.16e-06,2.5850110000000002e+29,0.00025906666666666666,0.002494716049382716
BF Ara,cataclysmic_variables,nuclear,1.3322749000000001e+30,1.3322749000000002e+33,0.67,75000000000000.0,8745602.905229848,0.007,4.718464688368292e+28,0.03541659974505481,3.541659974505481e-05,,,
BF Eri,cataclysmic_variables,gravitational,2.5452416e+30,2.5452416000000003e+33,1.2800000000000002,16000000000000.0,7048196.962411322,0.00026817315330474967,3.3088140800000004e+26,0.00013,1.3e-07,9.94235e+28,0.00011729323308270676,0.000143739837398374
BF Eri,cataclysmic_variables,nuclear,2.5452416e+30,2.5452416000000003e+33,1.2800000000000002,16000000000000.0,7048196.962411322,0.007,1.0066058001852358e+28,0.003954853638197787,3.954853638197787e-06,,,
BI Ori,cataclysmic_variables,gravitational,1.4913525e+30,1.4913525e+33,0.75,50000000000000.0,8422886.219205303,0.00013148726451389387,1.0320159300000001e+27,0.000692,6.92e-07,2.982705e+29,0.00023066666666666664,0.001384
BI Ori,cataclysmic_variables,nuclear,1.4913525e+30,1.4913525e+33,0.75,50000000000000.0,8422886.219205303,0.007,3.1456431255788614e+28,0.021092552737054866,2.1092552737054864e-05,,,
BV Cen,cataclysmic_variables,gravitational,2.4657028e+30,2.4657028e+33,1.24,135000000000000.0,7123183.409239905,0.0002570578787156139,2.7862441639999997e+27,0.00113,1.13e-06,4.374634e+29,0.0007109081684424149,0.0017298765432098764
BV Cen,cataclysmic_variables,nuclear,2.4657028e+30,2.4657028e+33,1.24,135000000000000.0,7123183.409239905,0.007,8.493236439062925e+28,0.03444549942946459,3.4445499429464595e-05,,,
BV Pup,cataclysmic_variables,gravitational,1.4913525e+30,1.4913525e+33,0.75,175000000000000.0,8422886.219205303,0.00013148726451389387,3.60907305e+27,0.00242,2.4199999999999997e-06,2.982705e+29,0.001037142857142857,0.0044942857142857146
BV Pup,cataclysmic_variables,nuclear,1.4913525e+30,1.4913525e+33,0.75,175000000000000.0,8422886.219205303,0.007,1.1009750939526016e+29,0.07382393457969204,7.382393457969204e-05,,,
BX Pup,cataclysmic_variables,gravitational,1.4913525e+30,1.4913525e+33,0.75,90000000000000.0,8422886.219205303,0.00013148726451389387,1.8641906249999998e+27,0.0012499999999999998,1.2499999999999999e-06,2.982705e+29,0.0003472222222222221,0.0026041666666666665
BX Pup,cataclysmic_variables,nuclear,1.4913525e+30,1.4913525e+33,0.75,90000000000000.0,8422886.219205303,0.007,5.662157626041951e+28,0.03796659492669876,3.796659492669876e-05,,,
BZ UMa,cataclysmic_variables,gravitational,1.5112372e+30,1.5112372e+33,0.76,3600000000000.0,8385780.512442379,0.00013382999513524712,7.435287023999999e+25,4.9199999999999997e-05,4.92e-08,2.982705e+29,2.7393406593406588e-05,8.17311475409836e-05
BZ UMa,cataclysmic_variables,nuclear,1.5112372e+30,1.5112372e+33,0.76,3600000000000.0,8385780.512442379,0.007,2.2648630504167804e+27,0.0014986813786854775,1.4986813786854774e-06,,,
CH UMa,cataclysmic_variables,gravitational,2.5054722e+30,2.5054722e+33,1.26,10000000000000.0,7085293.419179054,0.00026260081278577655,2.0645090927999997e+26,8.24e-05,8.24e-08,3.579246e+29,5.7680000000000003e-05,0.00011536
CH UMa,cataclysmic_variables,nuclear,2.5054722e+30,2.5054722e+33,1.26,10000000000000.0,7085293.419179054,0.007,6.291286251157723e+27,0.002511018182982722,2.511018182982722e-06,,,
CN Ori,cataclysmic_variables,gravitational,1.4714678e+30,1.4714678000000002e+33,0.74,1000000000000000.0,8460657.514660807,0.00012915492318076103,2.06005492e+28,0.014,1.4e-05,1.98847e+29,0.0061666666666666675,0.02428125
CN Ori,cataclysmic_variables,nuclear,1.4714678e+30,1.4714678000000002e+33,0.74,1000000000000000.0,8460657.514660807,0.007,6.291286251157723e+29,0.42755174467003104,0.000427551744670031,,,
CW Mon,cataclysmic_variables,gravitational,1.4913525e+30,1.4913525e+33,0.75,40000000000000.0,8422886.219205303,0.00013148726451389387,8.26209285e+26,0.000554,5.54e-07,2.982705e+29,0.00023083333333333332,0.00103875
CW Mon,cataclysmic_variables,nuclear,1.4913525e+30,1.4913525e+33,0.75,40000000000000.0,8422886.219205303,0.007,2.516514500463089e+28,0.016874042189643893,1.6874042189643893e-05,,,
CY Lyr,cataclysmic_variables,gravitational,1.4913525e+30,1.4913525e+33,0.75,170000000000000.0,8422886.219205303,0.00013148726451389387,3.504678375e+27,0.00235,2.35e-06,2.982705e+29,0.0011519607843137253,0.0041470588235294125
CY Lyr,cataclysmic_variables,nuclear,1.4913525e+30,1.4913525e+33,0.75,170000000000000.0,8422886.219205303,0.007,1.0695186626968129e+29,0.07171467930598655,7.171467930598654e-05,,,
CY UMa,cataclysmic_variables,gravitational,1.3720443e+30,1.3720443e+33,0.69,10500000000000.0,8660274.50875726,0.00011765240071579261,2.1678299940000003e+26,0.00015800000000000002,1.58e-07,2.7838580000000004e+29,8.756626506024096e-05,0.00026429090909090914
CY UMa,cataclysmic_variables,nuclear,1.3720443e+30,1.3720443e+33,0.69,10500000000000.0,8660274.50875726,0.007,6.605850563715609e+27,0.00481460442911035,4.81460442911035e-06,,,
CZ Ori,cataclysmic_variables,gravitational,1.0936585000000001e+30,1.0936585e+33,0.55,230000000000000.0,9340292.110797748,8.695320450732936e-05,4.7464778900000003e+27,0.00434,4.34e-06,2.187317e+29,0.0026731884057971007,0.006840217391304348
CZ Ori,cataclysmic_variables,nuclear,1.0936585000000001e+30,1.0936585e+33,0.55,230000000000000.0,9340292.110797748,0.007,1.4469958377662764e+29,0.13230783080516234,0.00013230783080516234,,,
DI UMa,cataclysmic_variables,gravitational,1.4913525e+30,1.4913525e+33,0.75,22000000000000.0,8422886.219205303,0.00013148726451389387,4.5337115999999997e+26,0.00030399999999999996,3.0399999999999997e-07,2.982705e+29,9.21212121212121e-05,0.0006218181818181817
DI UMa,cataclysmic_variables,nuclear,1.4913525e+30,1.4913525e+33,0.75,22000000000000.0,8422886.219205303,0.007,1.3840829752546991e+28,0.00928072320430414,9.28072320430414e-06,,,
DO Dra,cataclysmic_variables,gravitational,1.6504300999999998e+30,1.6504300999999998e+33,0.83,2100000000000.0,8143079.180132048,0.0001505125784050008,4.340631163e+25,2.63e-05,2.63e-08,1.98847e+29,2.0118894009216588e-05,3.4174559686888444e-05
DO Dra,cataclysmic_variables,nuclear,1.6504300999999998e+30,1.6504300999999998e+33,0.83,2100000000000.0,8143079.180132048,0.007,1.3211701127431218e+27,0.0008005004954424437,8.005004954424436e-07,,,
DX And,cataclysmic_variables,gravitational,1.4913525e+30,1.4913525e+33,0.75,130000000000000.0,8422886.219205303,0.00013148726451389387,2.6844345e+27,0.0018,1.8e-06,1.3919290000000002e+29,0.0011397748592870544,0.0025961538461538457
DX And,cataclysmic_variables,nuclear,1.4913525e+30,1.4913525e+33,0.75,130000000000000.0,8422886.219205303,0.007,8.17867212650504e+28,0.05484063711634265,5.484063711634265e-05,,,
EI Psc,cataclysmic_variables,gravitational,1.2925055e+30,1.2925055e+33,0.65,500000000000.0,8834396.822789857,0.00010864751928458477,1.031419389e+25,7.98e-06,7.98e-09,2.187317e+29,5.460000000000001e-06,1.1526666666666666e-05
EI Psc,cataclysmic_variables,nuclear,1.2925055e+30,1.2925055e+33,0.65,500000000000.0,8834396.822789857,0.007,3.145643125578862e+26,0.00024337560850447922,2.433756085044792e-07,,,
EM Cyg,cataclysmic_variables,gravitational,1.98847e+30,1.98847e+33,1.0,1050000000000000.0,7652700.0,0.00019296061403601856,2.1674322999999996e+28,0.010899999999999998,1.0899999999999999e-05,1.1930819999999999e+29,0.004896675651392631,0.017669706180344476
EM Cyg,cataclysmic_variables,nuclear,1.98847e+30,1.98847e+33,1.0,1050000000000000.0,7652700.0,0.007,6.605850563715609e+29,0.3322077056086141,0.0003322077056086141,,,
ER UMa,cataclysmic_variables,gravitational,1.4515831e+30,1.4515831e+33,0.73,90000000000000.0,8499115.577348888,0.00012683306452818696,1.858026368e+27,0.00128,1.28e-06,3.181552e+29,0.0006999250936329588,0.0021857309941520466
ER UMa,cataclysmic_variables,nuclear,1.4515831e+30,1.4515831e+33,0.73,90000000000000.0,8499115.577348888,0.007,5.662157626041951e+28,0.03900677560962201,3.900677560962201e-05,,,
ES Dra,cataclysmic_variables,gravitational,1.1533126e+30,1.1533126e+33,0.58,50000000000000.0,9176393.402510395,9.333388219440219e-05,1.0322147769999999e+27,0.0008949999999999999,8.949999999999999e-07,2.3861639999999997e+29,0.0002966285714285714,0.001805565217391304
ES Dra,cataclysmic_variables,nuclear,1.1533126e+30,1.1533126e+33,0.58,50000000000000.0,9176393.402510395,0.007,3.1456431255788614e+28,0.027274852677226118,2.727485267722612e-05,,,
EY Cyg,cataclysmic_variables,gravitational,2.1873170000000002e+30,2.187317e+33,1.1,16500000000000.0,7413394.76118531,0.00021910834542919605,3.41221452e+26,0.000156,1.56e-07,1.789623e+29,0.00013109243697478993,0.00018534653465346532
EY Cyg,cataclysmic_variables,nuclear,2.1873170000000002e+30,2.187317e+33,1.1,16500000000000.0,7413394.76118531,0.007,1.0380622314410243e+28,0.004745824365837344,4.745824365837344e-06,,,
EZ Lyn,cataclysmic_variables,gravitational,1.4913525e+30,1.4913525e+33,0.75,250000000000.0,8422886.219205303,0.00013148726451389387,5.160079649999999e+24,3.4599999999999995e-06,3.4599999999999996e-09,2.982705e+29,1.3839999999999996e-06,6.573999999999999e-06
EZ Lyn,cataclysmic_variables,nuclear,1.4913525e+30,1.4913525e+33,0.75,250000000000.0,8422886.219205303,0.007,1.572821562789431e+26,0.00010546276368527433,1.0546276368527433e-07,,,
FH Lyn,cataclysmic_variables,gravitational,1.4913525e+30,1.4913525e+33,0.75,11000000000000.0,8422886.219205303,0.00013148726451389387,2.2668557999999998e+26,0.00015199999999999998,1.5199999999999998e-07,1.789623e+29,3.7012987012987005e-05,0.00029834710743801657
FH Lyn,cataclysmic_variables,nuclear,1.4913525e+30,1.4913525e+33,0.75,11000000000000.0,8422886.219205303,0.007,6.920414876273496e+27,0.00464036160215207,4.64036160215207e-06,,,
FO And,cataclysmic_variables,gravitational,1.4913525e+30,1.4913525e+33,0.75,33000000000000.0,8422886.219205303,0.00013148726451389387,6.815480925e+26,0.00045700000000000005,4.5700000000000003e-07,2.982705e+29,0.00021926767676767677,0.0008135984848484849
FO And,cataclysmic_variables,nuclear,1.4913525e+30,1.4913525e+33,0.75,33000000000000.0,8422886.219205303,0.007,2.0761244628820486e+28,0.013921084806456211,1.392108480645621e-05,,,
FO Aql,cataclysmic_variables,gravitational,1.0936585000000001e+30,1.0936585e+33,0.55,40000000000000.0,9340292.110797748,8.695320450732936e-05,8.257121675e+26,0.0007549999999999999,7.55e-07,2.187317e+29,0.0004718749999999999,0.0011796875
FO Aql,cataclysmic_variables,nuclear,1.0936585000000001e+30,1.0936585e+33,0.55,40000000000000.0,9340292.110797748,0.007,2.516514500463089e+28,0.02301005753133258,2.3010057531332578e-05,,,
FO Per,cataclysmic_variables,gravitational,7.95388e+29,7.95388e+32,0.4,360000000000000.0,10386311.84725792,5.686983840845463e-05,7.428923920000001e+27,0.009340000000000001,9.34e-06,1.590776e+29,0.005621296296296297,0.014918055555555556
FO Per,cataclysmic_variables,nuclear,7.95388e+29,7.95388e+32,0.4,360000000000000.0,10386311.84725792,0.007,2.2648630504167802e+29,0.28474946195024065,0.00028474946195024064,,,
FS Aur,cataclysmic_variables,gravitational,1.0936585000000001e+30,1.0936585e+33,0.55,22000000000000.0,9340292.110797748,8.695320450732936e-05,4.5386827750000006e+26,0.000415,4.15e-07,2.187317e+29,0.0002515151515151515,0.0006602272727272727
FS Aur,cataclysmic_variables,nuclear,1.0936585000000001e+30,1.0936585e+33,0.55,22000000000000.0,9340292.110797748,0.007,1.3840829752546991e+28,0.012655531642232919,1.265553164223292e-05,,,
FT Cam,cataclysmic_variables,gravitational,1.4913525e+30,1.4913525e+33,0.75,125000000000.0,8422886.219205303,0.00013148726451389387,2.5800398249999993e+24,1.7299999999999997e-06,1.7299999999999998e-09,2.982705e+29,1.0379999999999996e-06,2.768e-06
FT Cam,cataclysmic_variables,nuclear,1.4913525e+30,1.4913525e+33,0.75,125000000000.0,8422886.219205303,0.007,7.864107813947154e+25,5.273138184263717e-05,5.273138184263717e-08,,,
GD 552,cataclysmic_variables,gravitational,1.5311219e+30,1.5311219000000002e+33,0.77,70000000000.0,8349320.13667669,0.00013618302370524825,1.4438479517e+24,9.429999999999999e-07,9.43e-10,2.982705e+29,4.5099999999999995e-07,1.6730645161290323e-06
GD 552,cataclysmic_variables,nuclear,1.5311219e+30,1.5311219000000002e+33,0.77,70000000000.0,8349320.13667669,0.007,4.403900375810406e+25,2.876257191416572e-05,2.876257191416572e-08,,,
GY Cnc,cataclysmic_variables,gravitational,1.9685853e+30,1.9685853e+33,0.99,13000000000000.0,7678380.393807681,0.00019039210343135298,2.677276008e+26,0.000136,1.36e-07,2.3861639999999997e+29,0.00010263617463617463,0.00017856763925729442
GY Cnc,cataclysmic_variables,nuclear,1.9685853e+30,1.9685853e+33,0.99,13000000000000.0,7678380.393807681,0.007,8.17867212650504e+27,0.004154593720935049,4.154593720935049e-06,,,
HL CMa,cataclysmic_variables,gravitational,1.6504300999999998e+30,1.6504300999999998e+33,0.83,175000000000000.0,8143079.180132048,0.0001505125784050008,3.614441918999999e+27,0.0021899999999999997,2.1899999999999998e-06,1.98847e+29,0.0014519262672811058,0.003130285714285714
HL CMa,cataclysmic_variables,nuclear,1.6504300999999998e+30,1.6504300999999998e+33,0.83,175000000000000.0,8143079.180132048,0.007,1.1009750939526016e+29,0.06670837462020365,6.670837462020366e-05,,,
HM Leo,cataclysmic_variables,gravitational,1.4913525e+30,1.4913525e+33,0.75,2850000000000.0,8422886.219205303,0.00013148726451389387,5.87592885e+25,3.94e-05,3.94e-08,2.982705e+29,1.3824561403508769e-05,7.776315789473686e-05
HM Leo,cataclysmic_variables,nuclear,1.4913525e+30,1.4913525e+33,0.75,2850000000000.0,8422886.219205303,0.007,1.7930165815799512e+27,0.0012022755060121274,1.2022755060121274e-06,,,
HS Vir,cataclysmic_variables,gravitational,1.3521596e+30,1.3521596e+33,0.68,2900000000000.0,8702520.41881313,0.00011538443365579428,5.990067028e+25,4.43e-05,4.43e-08,2.7838580000000004e+29,2.7869133725820013e-05,6.925057471264369e-05
HS Vir,cataclysmic_variables,nuclear,1.3521596e+30,1.3521596e+33,0.68,2900000000000.0,8702520.41881313,0.007,1.8244730128357398e+27,0.0013493030059733627,1.3493030059733628e-06,,,
HW Boo,cataclysmic_variables,gravitational,1.4913525e+30,1.4913525e+33,0.75,1150000000000.0,8422886.219205303,0.00013148726451389387,2.371250475e+25,1.59e-05,1.59e-08,2.982705e+29,5.760869565217391e-06,3.1108695652173914e-05
HW Boo,cataclysmic_variables,nuclear,1.4913525e+30,1.4913525e+33,0.75,1150000000000.0,8422886.219205303,0.007,7.234979188831382e+26,0.00048512871295226193,4.85128712952262e-07,,,
HX Peg,cataclysmic_variables,gravitational,1.4913525e+30,1.4913525e+33,0.75,150000000000000.0,8422886.219205303,0.00013148726451389387,3.1020131999999997e+27,0.00208,2.08e-06,2.982705e+29,0.001271111111111111,0.003293333333333333
HX Peg,cataclysmic_variables,nuclear,1.4913525e+30,1.4913525e+33,0.75,150000000000000.0,8422886.219205303,0.007,9.436929376736585e+28,0.0632776582111646,6.32776582111646e-05,,,
IR Gem,cataclysmic_variables,gravitational,1.3720443e+30,1.3720443e+33,0.69,7500000000000.0,8660274.50875726,0.00011765240071579261,1.5504100589999997e+26,0.00011299999999999998,1.1299999999999998e-07,2.7838580000000004e+29,7.515180722891564e-05,0.0001701163636363636
IR Gem,cataclysmic_variables,nuclear,1.3720443e+30,1.3720443e+33,0.69,7500000000000.0,8660274.50875726,0.007,4.7184646883682925e+27,0.00343900316365025,3.43900316365025e-06,,,
IX Dra,cataclysmic_variables,gravitational,2.783858e+30,2.783858e+33,1.4,11000000000000.0,6840775.583033503,0.00030220806725106246,2.2688442699999994e+26,8.149999999999999e-05,8.15e-08,5.567716000000001e+29,2.4696969696969693e-05,0.00016670454545454543
IX Dra,cataclysmic_variables,nuclear,2.783858e+30,2.783858e+33,1.4,11000000000000.0,6840775.583033503,0.007,6.920414876273496e+27,0.0024859080011528953,2.4859080011528953e-06,,,
KS UMa,cataclysmic_variables,gravitational,1.8691618e+30,1.8691618e+33,0.94,2250000000000.0,7812176.930555151,0.00017768024481657426,4.6355212639999995e+25,2.4799999999999996e-05,2.4799999999999997e-08,3.778093e+29,1.5587177974434606e-05,3.868065185185184e-05
KS UMa,cataclysmic_variables,nuclear,1.8691618e+30,1.8691618e+33,0.94,2250000000000.0,7812176.930555151,0.007,1.4155394065104876e+27,0.0007573123988038315,7.573123988038315e-07,,,
KT Per,cataclysmic_variables,gravitational,1.4913525e+30,1.4913525e+33,0.75,95000000000000.0,8422886.219205303,0.00013148726451389387,1.953671775e+27,0.00131,1.31e-06,2.982705e+29,0.0005745614035087719,0.002413157894736842
KT Per,cataclysmic_variables,nuclear,1.4913525e+30,1.4913525e+33,0.75,95000000000000.0,8422886.219205303,0.007,5.976721938599837e+28,0.040075850200404245,4.0075850200404245e-05,,,
KV Dra,cataclysmic_variables,gravitational,1.4118136999999998e+30,1.4118137e+33,0.7099999999999999,3000000000000.0,8578181.657944106,0.0001222211795506573,6.197862142999998e+25,4.3899999999999996e-05,4.3899999999999996e-08,2.7838580000000004e+29,2.4446274509803915e-05,7.290994152046783e-05
KV Dra,cataclysmic_variables,nuclear,1.4118136999999998e+30,1.4118137e+33,0.7099999999999999,3000000000000.0,8578181.657944106,0.007,1.887385875347317e+27,0.0013368519340386889,1.3368519340386888e-06,,,
LL Lyr,cataclysmic_variables,gravitational,1.4913525e+30,1.4913525e+33,0.75,90000000000000.0,8422886.219205303,0.00013148726451389387,1.8641906249999998e+27,0.0012499999999999998,1.2499999999999999e-06,2.982705e+29,0.0003472222222222221,0.0026041666666666665
LL Lyr,cataclysmic_variables,nuclear,1.4913525e+30,1.4913525e+33,0.75,90000000000000.0,8422886.219205303,0.007,5.662157626041951e+28,0.03796659492669876,3.796659492669876e-05,,,
LX And,cataclysmic_variables,gravitational,1.4913525e+30,1.4913525e+33,0.75,85000000000000.0,8422886.219205303,0.00013148726451389387,1.7597959499999998e+27,0.0011799999999999998,1.18e-06,2.982705e+29,0.0003470588235294117,0.0024294117647058818
LX And,cataclysmic_variables,nuclear,1.4913525e+30,1.4913525e+33,0.75,85000000000000.0,8422886.219205303,0.007,5.3475933134840645e+28,0.03585733965299327,3.585733965299327e-05,,,
NY Ser,cataclysmic_variables,gravitational,1.6106607e+30,1.6106607e+33,0.81,33500000000000.0,8209556.237301669,0.00014569635862927258,6.909734402999999e+26,0.00042899999999999997,4.29e-07,3.181552e+29,0.00013901738729035236,0.0008617432835820894
NY Ser,cataclysmic_variables,nuclear,1.6106607e+30,1.6106607e+33,0.81,33500000000000.0,8209556.237301669,0.007,2.107580894137837e+28,0.013085194753543295,1.3085194753543295e-05,,,
OU Vir,cataclysmic_variables,gravitational,1.391929e+30,1.391929e+33,0.7,14000000000000.0,8618837.154670784,0.00011993135096690323,2.8952123199999998e+26,0.00020800000000000001,2.08e-07,1.98847e+28,0.00010253521126760564,0.0003165217391304347
OU Vir,cataclysmic_variables,nuclear,1.391929e+30,1.391929e+33,0.7,14000000000000.0,8618837.154670784,0.007,8.807800751620812e+27,0.00632776582111646,6.3277658211164605e-06,,,
PU CMa,cataclysmic_variables,gravitational,9.146962e+29,9.146962e+32,0.46,2450000000000.0,9913539.574595995,6.851922592976224e-05,5.058269986e+25,5.53e-05,5.5300000000000005e-08,1.789623e+29,3.586805194805195e-05,8.418532818532819e-05
PU CMa,cataclysmic_variables,nuclear,9.146962e+29,9.146962e+32,0.46,2450000000000.0,9913539.574595995,0.007,1.5413651315336422e+27,0.0016851115501886223,1.6851115501886223e-06,,,
PY Per,cataclysmic_variables,gravitational,1.4913525e+30,1.4913525e+33,0.75,12500000000000.0,8422886.219205303,0.00013148726451389387,2.5800398250000002e+26,0.000173,1.73e-07,2.982705e+29,5.766666666666666e-05,0.000346
PY Per,cataclysmic_variables,nuclear,1.4913525e+30,1.4913525e+33,0.75,12500000000000.0,8422886.219205303,0.007,7.864107813947154e+27,0.005273138184263716,5.273138184263716e-06,,,
QW Ser,cataclysmic_variables,gravitational,1.6901995e+30,1.6901994999999998e+33,0.85,26500000000000.0,8078704.320050045,0.00015536764159857852,5.47624638e+26,0.000324,3.24e-07,3.380399e+29,0.0001426415094339623,0.0005960377358490566
QW Ser,cataclysmic_variables,nuclear,1.6901995e+30,1.6901994999999998e+33,0.85,26500000000000.0,8078704.320050045,0.007,1.6671908565567967e+28,0.009863870250563893,9.863870250563893e-06,,,
QZ Ser,cataclysmic_variables,gravitational,1.4913525e+30,1.4913525e+33,0.75,6000000000000.0,8422886.219205303,0.00013148726451389387,1.2378225749999997e+26,8.299999999999998e-05,8.299999999999999e-08,2.982705e+29,2.3055555555555548e-05,0.00017291666666666665
QZ Ser,cataclysmic_variables,nuclear,1.4913525e+30,1.4913525e+33,0.75,6000000000000.0,8422886.219205303,0.007,3.774771750694634e+27,0.002531106328446584,2.531106328446584e-06,,,
QZ Vir,cataclysmic_variables,gravitational,1.4118136999999998e+30,1.4118137e+33,0.7099999999999999,55000000000000.0,8578181.657944106,0.0001222211795506573,1.1350982147999996e+27,0.0008039999999999998,8.039999999999998e-07,3.97694e+28,0.00014217683686176832,0.001504189723320158
QZ Vir,cataclysmic_variables,nuclear,1.4118136999999998e+30,1.4118137e+33,0.7099999999999999,55000000000000.0,8578181.657944106,0.007,3.460207438136748e+28,0.02450895212404263,2.450895212404263e-05,,,
RU LMi,cataclysmic_variables,gravitational,1.4913525e+30,1.4913525e+33,0.75,20000000000000.0,8422886.219205303,0.00013148726451389387,4.131046425e+26,0.000277,2.77e-07,2.982705e+29,8.079166666666666e-05,0.0005713125
RU LMi,cataclysmic_variables,nuclear,1.4913525e+30,1.4913525e+33,0.75,20000000000000.0,8422886.219205303,0.007,1.2582572502315446e+28,0.008437021094821947,8.437021094821947e-06,,,
RU Peg,cataclysmic_variables,gravitational,2.1077782e+30,2.1077782e+33,1.06,120000000000000.0,7505496.038996514,0.00020854982327120412,2.4661004939999997e+27,0.0011699999999999998,1.1699999999999998e-06,7.95388e+28,0.0009395454545454544,0.0014185294117647054
RU Peg,cataclysmic_variables,nuclear,2.1077782e+30,2.1077782e+33,1.06,120000000000000.0,7505496.038996514,0.007,7.549543501389268e+28,0.035817542383678076,3.581754238367808e-05,,,
RX And,cataclysmic_variables,gravitational,2.2668557999999998e+30,2.2668557999999998e+33,1.14,65000000000000.0,7325654.0372360125,0.00022979565226824073,1.3419786335999997e+27,0.000592,5.92e-07,6.561951e+29,0.00028252433281004713,0.0011536410256410255
RX And,cataclysmic_variables,nuclear,2.2668557999999998e+30,2.2668557999999998e+33,1.14,65000000000000.0,7325654.0372360125,0.007,4.08933606325252e+28,0.01803968326195482,1.803968326195482e-05,,,
RY Ser,cataclysmic_variables,gravitational,1.4913525e+30,1.4913525e+33,0.75,50000000000000.0,8422886.219205303,0.00013148726451389387,1.0320159300000001e+27,0.000692,6.92e-07,1.789623e+29,0.0002471428571428571,0.0012581818181818182
RY Ser,cataclysmic_variables,nuclear,1.4913525e+30,1.4913525e+33,0.75,50000000000000.0,8422886.219205303,0.007,3.1456431255788614e+28,0.021092552737054866,2.1092552737054864e-05,,,
RZ LMi,cataclysmic_variables,gravitational,1.98847e+30,1.98847e+33,1.0,20500000000000.0,7652700.0,0.00019296061403601856,4.2354411e+26,0.000213,2.13e-07,3.97694e+29,0.0001298780487804878,0.0003376829268292683
RZ LMi,cataclysmic_variables,nuclear,1.98847e+30,1.98847e+33,1.0,20500000000000.0,7652700.0,0.007,1.2897136814873333e+28,0.006485959966644372,6.485959966644372e-06,,,
SS Aur,cataclysmic_variables,gravitational,2.1475476e+30,2.1475476000000002e+33,1.08,50000000000000.0,7458876.848407199,0.00021381278961009738,1.030822848e+27,0.00047999999999999996,4.8e-07,7.95388e+29,0.00021016216216216213,0.0010672941176470584
SS Aur,cataclysmic_variables,nuclear,2.1475476e+30,2.1475476000000002e+33,1.08,50000000000000.0,7458876.848407199,0.007,3.1456431255788614e+28,0.01464760606739921,1.464760606739921e-05,,,
SS Cyg,cataclysmic_variables,gravitational,1.6106607e+30,1.6106607e+33,0.81,220000000000000.0,8209556.237301669,0.00014569635862927258,4.5420631739999996e+27,0.0028199999999999996,2.8199999999999997e-06,3.778093e+29,0.0017650636363636361,0.004521510263929619
SS Cyg,cataclysmic_variables,nuclear,1.6106607e+30,1.6106607e+33,0.81,220000000000000.0,8209556.237301669,0.007,1.3840829752546992e+29,0.08593262226207538,8.593262226207538e-05,,,
SS UMi,cataclysmic_variables,gravitational,1.3123902e+30,1.3123902e+33,0.66,12000000000000.0,8789551.396533914,0.00011088188146512188,2.4804174779999996e+26,0.00018899999999999999,1.8899999999999999e-07,2.5850110000000002e+29,0.0001184240506329114,0.00029419811320754714
SS UMi,cataclysmic_variables,nuclear,1.3123902e+30,1.3123902e+33,0.66,12000000000000.0,8789551.396533914,0.007,7.549543501389268e+27,0.005752514382833146,5.752514382833145e-06,,,
ST Cha,cataclysmic_variables,gravitational,1.4913525e+30,1.4913525e+33,0.75,700000000000000.0,8422886.219205303,0.00013148726451389387,1.4451205725e+28,0.00969,9.69e-06,2.982705e+29,0.002307142857142857,0.020764285714285714
ST Cha,cataclysmic_variables,nuclear,1.4913525e+30,1.4913525e+33,0.75,700000000000000.0,8422886.219205303,0.007,4.4039003758104064e+29,0.29529573831876815,0.00029529573831876815,,,
SU UMa,cataclysmic_variables,gravitational,1.3521596e+30,1.3521596e+33,0.68,28500000000000.0,8702520.41881313,0.00011538443365579428,5.88189426e+26,0.00043499999999999995,4.3499999999999996e-07,3.181552e+29,0.0002471177944862155,0.000738502024291498
SU UMa,cataclysmic_variables,nuclear,1.3521596e+30,1.3521596e+33,0.68,28500000000000.0,8702520.41881313,0.007,1.793016581579951e+28,0.013260391610427873,1.3260391610427873e-05,,,
SV CMi,cataclysmic_variables,gravitational,1.4913525e+30,1.4913525e+33,0.75,75000000000000.0,8422886.219205303,0.00013148726451389387,1.5510065999999998e+27,0.00104,1.04e-06,2.982705e+29,0.0003466666666666666,0.00208
SV CMi,cataclysmic_variables,nuclear,1.4913525e+30,1.4913525e+33,0.75,75000000000000.0,8422886.219205303,0.007,4.718464688368292e+28,0.0316388291055823,3.16388291055823e-05,,,
SW UMa,cataclysmic_variables,gravitational,1.4118136999999998e+30,1.4118137e+33,0.7099999999999999,9000000000000.0,8578181.657944106,0.0001222211795506573,1.8635940839999994e+26,0.00013199999999999998,1.32e-07,4.374634e+29,5.598566308243727e-05,0.0002762721088435374
SW UMa,cataclysmic_variables,nuclear,1.4118136999999998e+30,1.4118137e+33,0.7099999999999999,9000000000000.0,8578181.657944106,0.007,5.66215762604195e+27,0.004010555802116066,4.010555802116066e-06,,,
SX LMi,cataclysmic_variables,gravitational,1.3322749000000001e+30,1.3322749000000002e+33,0.67,3200000000000.0,8745602.905229848,0.00011312755720943657,6.608083504e+25,4.959999999999999e-05,4.9599999999999994e-08,2.5850110000000002e+29,1.8173749999999995e-05,9.615740740740739e-05
SX LMi,cataclysmic_variables,nuclear,1.3322749000000001e+30,1.3322749000000002e+33,0.67,3200000000000.0,8745602.905229848,0.007,2.0132116003704714e+27,0.0015111082557890052,1.511108255789005e-06,,,
SY Cnc,cataclysmic_variables,gravitational,1.4913525e+30,1.4913525e+33,0.75,1500000000000000.0,8422886.219205303,0.00013148726451389387,3.1020132e+28,0.0208,2.0799999999999997e-05,1.1930819999999999e+29,0.006419753086419753,0.03768115942028985
SY Cnc,cataclysmic_variables,nuclear,1.4913525e+30,1.4913525e+33,0.75,1500000000000000.0,8422886.219205303,0.007,9.436929376736585e+29,0.632776582111646,0.000632776582111646,,,
TT Crt,cataclysmic_variables,gravitational,1.98847e+30,1.98847e+33,1.0,20500000000000.0,7652700.0,0.00019296061403601856,4.2354411e+26,0.000213,2.13e-07,3.97694e+29,0.00010390243902439024,0.00037664634146341463
TT Crt,cataclysmic_variables,nuclear,1.98847e+30,1.98847e+33,1.0,20500000000000.0,7652700.0,0.007,1.2897136814873333e+28,0.006485959966644372,6.485959966644372e-06,,,
TW Tri,cataclysmic_variables,gravitational,1.4913525e+30,1.4913525e+33,0.75,115000000000000.0,8422886.219205303,0.00013148726451389387,2.371250475e+27,0.00159,1.59e-06,2.982705e+29,0.0004608695652173912,0.003283695652173913
TW Tri,cataclysmic_variables,nuclear,1.4913525e+30,1.4913525e+33,0.75,115000000000000.0,8422886.219205303,0.007,7.234979188831382e+28,0.04851287129522619,4.8512871295226186e-05,,,
TW Vir,cataclysmic_variables,gravitational,1.8095077e+30,1.8095077e+33,0.91,35000000000000.0,7897098.550337738,0.00017015988977153642,7.219935723e+26,0.000399,3.99e-07,4.971175e+29,0.00017886206896551723,0.0007859090909090909
TW Vir,cataclysmic_variables,nuclear,1.8095077e+30,1.8095077e+33,0.91,35000000000000.0,7897098.550337738,0.007,2.201950187905203e+28,0.01216878042522396,1.2168780425223961e-05,,,
TY PsA,cataclysmic_variables,gravitational,1.7299689e+30,1.7299689e+33,0.87,15000000000000.0,8016318.0131681375,0.00016026093639109052,3.0966443310000005e+26,0.00017900000000000001,1.79e-07,3.380399e+29,7.986153846153846e-05,0.0003262914285714286
TY PsA,cataclysmic_variables,nuclear,1.7299689e+30,1.7299689e+33,0.87,15000000000000.0,8016318.0131681375,0.007,9.436929376736585e+27,0.005454970535445224,5.454970535445224e-06,,,
TY Psc,cataclysmic_variables,gravitational,1.391929e+30,1.391929e+33,0.7,40000000000000.0,8618837.154670784,0.00011993135096690323,8.254138969999999e+26,0.000593,5.93e-07,2.7838580000000004e+29,0.0002470833333333333,0.001111875
TY Psc,cataclysmic_variables,nuclear,1.391929e+30,1.391929e+33,0.7,40000000000000.0,8618837.154670784,0.007,2.516514500463089e+28,0.0180793309174756,1.80793309174756e-05,,,
TZ Per,cataclysmic_variables,gravitational,1.4913525e+30,1.4913525e+33,0.75,750000000000000.0,8422886.219205303,0.00013148726451389387,1.5510066e+28,0.0104,1.0399999999999999e-05,2.982705e+29,0.002311111111111111,0.022533333333333332
TZ Per,cataclysmic_variables,nuclear,1.4913525e+30,1.4913525e+33,0.75,750000000000000.0,8422886.219205303,0.007,4.718464688368292e+29,0.316388291055823,0.000316388291055823,,,
U Gem,cataclysmic_variables,gravitational,2.3265098999999998e+30,2.3265098999999998e+33,1.17,45000000000000.0,7262498.704597029,0.00023789381709844837,9.282774501e+26,0.000399,3.99e-07,2.982705e+29,0.00031436363636363633,0.000508529411764706
U Gem,cataclysmic_variables,nuclear,2.3265098999999998e+30,2.3265098999999998e+33,1.17,45000000000000.0,7262498.704597029,0.007,2.8310788130209753e+28,0.01216878042522396,1.2168780425223961e-05,,,
UY Pup,cataclysmic_variables,gravitational,1.4913525e+30,1.4913525e+33,0.75,115000000000000.0,8422886.219205303,0.00013148726451389387,2.371250475e+27,0.00159,1.59e-06,9.94235e+28,0.001296195652173913,0.0019257763975155282
UY Pup,cataclysmic_variables,nuclear,1.4913525e+30,1.4913525e+33,0.75,115000000000000.0,8422886.219205303,0.007,7.234979188831382e+28,0.04851287129522619,4.8512871295226186e-05,,,
V1159 Ori,cataclysmic_variables,gravitational,1.4316984e+30,1.4316984e+33,0.72,85000000000000.0,8538282.561823031,0.0001245217840761022,1.7609890320000002e+27,0.0012300000000000002,1.23e-06,3.181552e+29,0.00035518716577540114,0.0026047058823529413
V1159 Ori,cataclysmic_variables,nuclear,1.4316984e+30,1.4316984e+33,0.72,85000000000000.0,8538282.561823031,0.007,5.3475933134840645e+28,0.03735139547186799,3.735139547186799e-05,,,
V1316 Cyg,cataclysmic_variables,gravitational,1.4316984e+30,1.4316984e+33,0.72,260000000000000.0,8538282.561823031,0.0001245217840761022,5.368869e+27,0.00375,3.7499999999999997e-06,2.7838580000000004e+29,0.0008452593917710196,0.008057029177718833
V1316 Cyg,cataclysmic_variables,nuclear,1.4316984e+30,1.4316984e+33,0.72,260000000000000.0,8538282.561823031,0.007,1.635734425301008e+29,0.11425132732571386,0.00011425132732571386,,,
V1454 Cyg,cataclysmic_variables,gravitational,1.4913525e+30,1.4913525e+33,0.75,55000000000.0,8422886.219205303,0.00013148726451389387,1.1349192525e+24,7.61e-07,7.61e-10,2.982705e+29,3.4590909090909086e-07,1.3836363636363636e-06
V1454 Cyg,cataclysmic_variables,nuclear,1.4913525e+30,1.4913525e+33,0.75,55000000000.0,8422886.219205303,0.007,3.460207438136748e+25,2.3201808010760355e-05,2.3201808010760356e-08,,,
V1504 Cyg,cataclysmic_variables,gravitational,1.3322749000000001e+30,1.3322749000000002e+33,0.67,8500000000000.0,8745602.905229848,0.00011312755720943657,1.758602868e+26,0.00013199999999999998,1.32e-07,9.94235e+28,0.00010115686274509801,0.0001678178368121442
V1504 Cyg,cataclysmic_variables,nuclear,1.3322749000000001e+30,1.3322749000000002e+33,0.67,8500000000000.0,8745602.905229848,0.007,5.347593313484065e+27,0.004013881304439545,4.0138813044395455e-06,,,
V342 Cam,cataclysmic_variables,gravitational,1.4913525e+30,1.4913525e+33,0.75,1200000000000.0,8422886.219205303,0.00013148726451389387,2.47564515e+25,1.66e-05,1.66e-08,2.982705e+29,5.7638888888888886e-06,3.285416666666667e-05
V342 Cam,cataclysmic_variables,nuclear,1.4913525e+30,1.4913525e+33,0.75,1200000000000.0,8422886.219205303,0.007,7.549543501389267e+26,0.0005062212656893167,5.062212656893168e-07,,,
V355 UMa,cataclysmic_variables,gravitational,1.4913525e+30,1.4913525e+33,0.75,5500000000000.0,8422886.219205303,0.00013148726451389387,1.1349192525e+26,7.61e-05,7.61e-08,2.982705e+29,2.306060606060606e-05,0.00015565909090909093
V355 UMa,cataclysmic_variables,nuclear,1.4913525e+30,1.4913525e+33,0.75,5500000000000.0,8422886.219205303,0.007,3.460207438136748e+27,0.002320180801076035,2.320180801076035e-06,,,
V392 Hya,cataclysmic_variables,gravitational,1.4913525e+30,1.4913525e+33,0.75,130000000000000.0,8422886.219205303,0.00013148726451389387,2.6844345e+27,0.0018,1.8e-06,1.789623e+29,0.0006181318681318681,0.0033041958041958044
V392 Hya,cataclysmic_variables,nuclear,1.4913525e+30,1.4913525e+33,0.75,130000000000000.0,8422886.219205303,0.007,8.17867212650504e+28,0.05484063711634265,5.484063711634265e-05,,,
V426 Oph,cataclysmic_variables,gravitational,1.789623e+30,1.789623e+33,0.9,55000000000000.0,7926239.399437698,0.00016767128204888402,1.134620982e+27,0.000634,6.34e-07,3.778093e+29,0.00038071726438698917,0.0010228425096030728
V426 Oph,cataclysmic_variables,nuclear,1.789623e+30,1.789623e+33,0.9,55000000000000.0,7926239.399437698,0.007,3.460207438136748e+28,0.01933484000896696,1.933484000896696e-05,,,
V478 Her,cataclysmic_variables,gravitational,1.4913525e+30,1.4913525e+33,0.75,200000000000000.0,8422886.219205303,0.00013148726451389387,4.1310464249999996e+27,0.00277,2.7699999999999997e-06,2.982705e+29,0.0006924999999999999,0.005886249999999999
V478 Her,cataclysmic_variables,nuclear,1.4913525e+30,1.4913525e+33,0.75,200000000000000.0,8422886.219205303,0.007,1.2582572502315446e+29,0.08437021094821946,8.437021094821946e-05,,,
V503 Cyg,cataclysmic_variables,gravitational,1.4515831e+30,1.4515831e+33,0.73,33500000000000.0,8499115.577348888,0.00012683306452818696,6.909535555999998e+26,0.00047599999999999997,4.76e-07,2.982705e+29,0.00014144369063772046,0.0009836026762738035
V503 Cyg,cataclysmic_variables,nuclear,1.4515831e+30,1.4515831e+33,0.73,33500000000000.0,8499115.577348888,0.007,2.107580894137837e+28,0.014519188699137082,1.4519188699137082e-05,,,
V513 Peg,cataclysmic_variables,gravitational,1.4913525e+30,1.4913525e+33,0.75,23000000000000.0,8422886.219205303,0.00013148726451389387,4.7425009500000006e+26,0.00031800000000000003,3.18e-07,2.982705e+29,0.00010369565217391303,0.0006394565217391306
V513 Peg,cataclysmic_variables,nuclear,1.4913525e+30,1.4913525e+33,0.75,23000000000000.0,8422886.219205303,0.007,1.4469958377662764e+28,0.009702574259045239,9.702574259045238e-06,,,
V516 Cyg,cataclysmic_variables,gravitational,1.4913525e+30,1.4913525e+33,0.75,500000000000000.0,8422886.219205303,0.00013148726451389387,1.03201593e+28,0.00692,6.92e-06,2.982705e+29,0.0011533333333333333,0.01557
V516 Cyg,cataclysmic_variables,nuclear,1.4913525e+30,1.4913525e+33,0.75,500000000000000.0,8422886.219205303,0.007,3.1456431255788617e+29,0.21092552737054865,0.00021092552737054864,,,
V521 Peg,cataclysmic_variables,gravitational,1.4913525e+30,1.4913525e+33,0.75,3500000000000.0,8422886.219205303,0.00013148726451389387,7.2181461e+25,4.84e-05,4.8399999999999997e-08,2.982705e+29,1.7285714285714284e-05,9.507142857142857e-05
V521 Peg,cataclysmic_variables,nuclear,1.4913525e+30,1.4913525e+33,0.75,3500000000000.0,8422886.219205303,0.007,2.201950187905203e+27,0.0014764786915938406,1.4764786915938407e-06,,,
V537 Peg,cataclysmic_variables,gravitational,1.4913525e+30,1.4913525e+33,0.75,105000000000000.0,8422886.219205303,0.00013148726451389387,2.1624611249999998e+27,0.00145,1.4499999999999999e-06,2.982705e+29,0.0004603174603174602,0.0029345238095238096
V537 Peg,cataclysmic_variables,nuclear,1.4913525e+30,1.4913525e+33,0.75,105000000000000.0,8422886.219205303,0.007,6.60585056371561e+28,0.04429436074781522,4.429436074781522e-05,,,
V630 Cas,cataclysmic_variables,gravitational,2.0083547e+30,2.0083547e+33,1.01,7500000000000000.0,7627359.748238832,0.00019553770074738486,1.5484414736999997e+29,0.07709999999999999,7.709999999999999e-05,2.5850110000000002e+29,0.027323157894736837,0.14158363636363636
V630 Cas,cataclysmic_variables,nuclear,2.0083547e+30,2.0083547e+33,1.01,7500000000000000.0,7627359.748238832,0.007,4.7184646883682926e+30,2.3494180028897746,0.0023494180028897746,,,
V713 Cep,cataclysmic_variables,gravitational,1.4913525e+30,1.4913525e+33,0.75,130000000000.0,8422886.219205303,0.00013148726451389387,2.6844344999999997e+24,1.7999999999999997e-06,1.7999999999999998e-09,2.982705e+29,8.076923076923074e-07,3.288461538461538e-06
V713 Cep,cataclysmic_variables,nuclear,1.4913525e+30,1.4913525e+33,0.75,130000000000.0,8422886.219205303,0.007,8.17867212650504e+25,5.484063711634265e-05,5.484063711634265e-08,,,
V729 Sgr,cataclysmic_variables,gravitational,1.4913525e+30,1.4913525e+33,0.75,20500000000000.0,8422886.219205303,0.00013148726451389387,4.235441099999999e+26,0.00028399999999999996,2.8399999999999995e-07,2.982705e+29,9.235772357723575e-05,0.0005714634146341463
V729 Sgr,cataclysmic_variables,nuclear,1.4913525e+30,1.4913525e+33,0.75,20500000000000.0,8422886.219205303,0.007,1.2897136814873333e+28,0.008647946622192496,8.647946622192495e-06,,,
V792 Cyg,cataclysmic_variables,gravitational,1.4913525e+30,1.4913525e+33,0.75,255000000000000.0,8422886.219205303,0.00013148726451389387,5.264474324999999e+27,0.0035299999999999997,3.5299999999999997e-06,2.982705e+29,0.000922875816993464,0.007440686274509804
V792 Cyg,cataclysmic_variables,nuclear,1.4913525e+30,1.4913525e+33,0.75,255000000000000.0,8422886.219205303,0.007,1.6042779940452195e+29,0.10757201895897982,0.00010757201895897982,,,
V811 Cyg,cataclysmic_variables,gravitational,1.4913525e+30,1.4913525e+33,0.75,21000000000000.0,8422886.219205303,0.00013148726451389387,4.3398357749999994e+26,0.00029099999999999997,2.91e-07,2.982705e+29,9.238095238095236e-05,0.0005889285714285714
V811 Cyg,cataclysmic_variables,nuclear,1.4913525e+30,1.4913525e+33,0.75,21000000000000.0,8422886.219205303,0.007,1.3211701127431219e+28,0.008858872149563043,8.858872149563043e-06,,,
V844 Her,cataclysmic_variables,gravitational,9.146962e+29,9.146962e+32,0.46,10500000000000.0,9913539.574595995,6.851922592976224e-05,2.167829994e+26,0.000237,2.37e-07,1.789623e+29,0.00015102337662337658,0.0003648030888030888
V844 Her,cataclysmic_variables,nuclear,9.146962e+29,9.146962e+32,0.46,10500000000000.0,9913539.574595995,0.007,6.605850563715609e+27,0.007221906643665524,7.221906643665524e-06,,,
V893 Sco,cataclysmic_variables,gravitational,1.7697383e+30,1.7697383e+33,0.8900000000000001,7500000000000.0,7955815.193596856,0.00016519187450174914,1.5485210125e+26,8.75e-05,8.75e-08,3.579246e+29,2.9112149532710282e-05,0.0001754929577464789
V893 Sco,cataclysmic_variables,nuclear,1.7697383e+30,1.7697383e+33,0.8900000000000001,7500000000000.0,7955815.193596856,0.007,4.7184646883682925e+27,0.0026661934639535642,2.6661934639535644e-06,,,
VW Hyi,cataclysmic_variables,gravitational,1.3322749000000001e+30,1.3322749000000002e+33,0.67,31000000000000.0,8745602.905229848,0.00011312755720943657,6.39491952e+26,0.00047999999999999996,4.8e-07,4.374634e+29,0.000244784342152954,0.0009452043010752685
VW Hyi,cataclysmic_variables,nuclear,1.3322749000000001e+30,1.3322749000000002e+33,0.67,31000000000000.0,8745602.905229848,0.007,1.9502987378588943e+28,0.014638861227955987,1.4638861227955987e-05,,,
VW Vul,cataclysmic_variables,gravitational,6.959645e+29,6.959645e+32,0.35,195000000000000.0,10859054.356785757,4.759478817220737e-05,4.022674809999999e+27,0.0057799999999999995,5.78e-06,1.3919290000000002e+29,0.0034581196581196572,0.009262820512820513
VW Vul,cataclysmic_variables,nuclear,6.959645e+29,6.959645e+32,0.35,195000000000000.0,10859054.356785757,0.007,1.226800818975756e+29,0.1762734764453871,0.0001762734764453871,,,
VZ Pyx,cataclysmic_variables,gravitational,1.590776e+30,1.590776e+33,0.8,15000000000000.0,8243621.176203499,0.00014330301302986384,3.1020132e+26,0.000195,1.9499999999999999e-07,3.181552e+29,0.00011916666666666666,0.00030875
VZ Pyx,cataclysmic_variables,nuclear,1.590776e+30,1.590776e+33,0.8,15000000000000.0,8243621.176203499,0.007,9.436929376736585e+27,0.00593228045729668,5.932280457296681e-06,,,
WW Cet,cataclysmic_variables,gravitational,1.6504300999999998e+30,1.6504300999999998e+33,0.83,40000000000000.0,8143079.180132048,0.0001505125784050008,8.252150499999999e+26,0.0005,5e-07,3.181552e+29,0.00031439393939393937,0.0007742537313432836
WW Cet,cataclysmic_variables,nuclear,1.6504300999999998e+30,1.6504300999999998e+33,0.83,40000000000000.0,8143079.180132048,0.007,2.516514500463089e+28,0.015247628484617977,1.5247628484617977e-05,,,
WX Hyi,cataclysmic_variables,gravitational,1.789623e+30,1.789623e+33,0.9,18500000000000.0,7926239.399437698,0.00016767128204888402,3.81189699e+26,0.000213,2.13e-07,5.96541e+29,0.00010362162162162164,0.00043175675675675675
WX Hyi,cataclysmic_variables,nuclear,1.789623e+30,1.789623e+33,0.9,18500000000000.0,7926239.399437698,0.007,1.1638879564641788e+28,0.00650353709392525,6.50353709392525e-06,,,
X Leo,cataclysmic_variables,gravitational,2.0481241e+30,2.0481241e+33,1.03,55000000000000.0,7577668.697604476,0.00020071737660492676,1.1346607514000001e+27,0.000554,5.54e-07,4.175787e+29,0.000334674486803519,0.0008856629711751662
X Leo,cataclysmic_variables,nuclear,2.0481241e+30,2.0481241e+33,1.03,55000000000000.0,7577668.697604476,0.007,3.460207438136748e+28,0.016894520396184724,1.6894520396184723e-05,,,
YZ Cnc,cataclysmic_variables,gravitational,1.6305454e+30,1.6305453999999998e+33,0.82,45000000000000.0,8176047.471567093,0.00014809957389047966,9.294108779999998e+26,0.00057,5.699999999999999e-07,1.590776e+29,0.0004616296296296296,0.0007018018018018018
YZ Cnc,cataclysmic_variables,nuclear,1.6305454e+30,1.6305453999999998e+33,0.82,45000000000000.0,8176047.471567093,0.007,2.8310788130209753e+28,0.017362772070136628,1.7362772070136628e-05,,,
Z Cam,cataclysmic_variables,gravitational,1.9685853e+30,1.9685853e+33,0.99,240000000000000.0,7678380.393807681,0.00019039210343135298,4.960834956e+27,0.00252,2.52e-06,2.982705e+29,0.0012765789473684211,0.0042075
Z Cam,cataclysmic_variables,nuclear,1.9685853e+30,1.9685853e+33,0.99,240000000000000.0,7678380.393807681,0.007,1.5099087002778536e+29,0.0767001917711086,7.670019177110859e-05,,,
AE Aqr,cataclysmic_variables,gravitational,1.2527361e+30,1.2527361e+33,0.63,110000000000000.0,8926910.323505308,0.00010421320161596149,2.2674523409999997e+27,0.00181,1.81e-06,9.94235e+28,0.00137201871657754,0.0023234952978056426
AE Aqr,cataclysmic_variables,nuclear,1.2527361e+30,1.2527361e+33,0.63,110000000000000.0,8926910.323505308,0.007,6.920414876273496e+28,0.05524240002561989,5.524240002561989e-05,,,
BG CMi,cataclysmic_variables,gravitational,1.590776e+30,1.590776e+33,0.8,200000000000000.0,8243621.176203499,0.00014330301302986384,4.12010984e+27,0.00259,2.5899999999999998e-06,3.97694e+29,0.0013468,0.0046619999999999995
BG CMi,cataclysmic_variables,nuclear,1.590776e+30,1.590776e+33,0.8,200000000000000.0,8243621.176203499,0.007,1.2582572502315446e+29,0.07909707276395574,7.909707276395574e-05,,,
BK Lyn,cataclysmic_variables,gravitational,8.152727e+29,8.152726999999999e+32,0.41,65000000000000.0,10301174.314367136,5.877335484744737e-05,1.3451999549999997e+27,0.0016499999999999998,1.6499999999999999e-06,4.573481e+29,0.0006504807692307692,0.0052038461538461535
BK Lyn,cataclysmic_variables,nuclear,8.152727e+29,8.152726999999999e+32,0.41,65000000000000.0,10301174.314367136,0.007,4.08933606325252e+28,0.05015911931372804,5.015911931372804e-05,,,
FO Aqr,cataclysmic_variables,gravitational,1.4913525e+30,1.4913525e+33,0.75,850000000000000.0,8422886.219205303,0.00013148726451389387,1.7597959499999996e+28,0.011799999999999998,1.1799999999999999e-05,2.982705e+29,0.005784313725490195,0.020823529411764706
FO Aqr,cataclysmic_variables,nuclear,1.4913525e+30,1.4913525e+33,0.75,850000000000000.0,8422886.219205303,0.007,5.347593313484065e+29,0.3585733965299327,0.0003585733965299327,,,
IX Vel,cataclysmic_variables,gravitational,1.6305454e+30,1.6305453999999998e+33,0.82,350000000000000.0,8176047.471567093,0.00014809957389047966,7.223316121999999e+27,0.00443,4.43e-06,2.7838580000000004e+29,0.003243392857142857,0.006105210084033614
IX Vel,cataclysmic_variables,nuclear,1.6305454e+30,1.6305453999999998e+33,0.82,350000000000000.0,8176047.471567093,0.007,2.2019501879052032e+29,0.13504378276772933,0.00013504378276772933,,,
LQ Peg,cataclysmic_variables,gravitational,1.4913525e+30,1.4913525e+33,0.75,1450000000000000.0,8422886.219205303,0.00013148726451389387,2.997618525e+28,0.0201,2.01e-05,2.982705e+29,0.00346551724137931,0.04505172413793103
LQ Peg,cataclysmic_variables,nuclear,1.4913525e+30,1.4913525e+33,0.75,1450000000000000.0,8422886.219205303,0.007,9.122365064178698e+29,0.6116840293745911,0.0006116840293745911,,,
MV Lyr,cataclysmic_variables,gravitational,1.4515831e+30,1.4515831e+33,0.73,450000000000000.0,8499115.577348888,0.00012683306452818696,9.290131839999999e+27,0.0063999999999999994,6.4e-06,1.98847e+29,0.005003480589022758,0.008239858906525573
MV Lyr,cataclysmic_variables,nuclear,1.4515831e+30,1.4515831e+33,0.73,450000000000000.0,8499115.577348888,0.007,2.8310788130209754e+29,0.19503387804811007,0.00019503387804811008,,,
RR Pic,cataclysmic_variables,gravitational,1.8890465e+30,1.8890465e+33,0.95,1e+16,7784669.037536037,0.0001802049900538592,2.0590606849999998e+29,0.109,0.00010899999999999999,3.778093e+29,0.02725,0.231625
RR Pic,cataclysmic_variables,nuclear,1.8890465e+30,1.8890465e+33,0.95,1e+16,7784669.037536037,0.007,6.291286251157723e+30,3.3304030637455053,0.0033304030637455054,,,
RW Sex,cataclysmic_variables,gravitational,1.789623e+30,1.789623e+33,0.9,700000000000000.0,7926239.399437698,0.00016767128204888402,1.444225761e+28,0.00807,8.07e-06,9.94235e+28,0.0065530827067669176,0.009765378151260506
RW Sex,cataclysmic_variables,nuclear,1.789623e+30,1.789623e+33,0.9,700000000000000.0,7926239.399437698,0.007,4.4039003758104064e+29,0.24607978193230676,0.00024607978193230673,,,
RW Tri,cataclysmic_variables,gravitational,1.0936585000000001e+30,1.0936585e+33,0.55,1000000000000000.0,9340292.110797748,8.695320450732936e-05,2.067014565e+28,0.0189,1.89e-05,2.982705e+29,0.010394999999999998,0.03378375
RW Tri,cataclysmic_variables,nuclear,1.0936585000000001e+30,1.0936585e+33,0.55,1000000000000000.0,9340292.110797748,0.007,6.291286251157723e+29,0.5752514382833145,0.0005752514382833145,,,
TT Ari,cataclysmic_variables,gravitational,1.789623e+30,1.789623e+33,0.9,700000000000000.0,7926239.399437698,0.00016767128204888402,1.444225761e+28,0.00807,8.07e-06,3.579246e+29,0.004803571428571429,0.012969642857142858
TT Ari,cataclysmic_variables,nuclear,1.789623e+30,1.789623e+33,0.9,700000000000000.0,7926239.399437698,0.007,4.4039003758104064e+29,0.24607978193230676,0.00024607978193230673,,,
TV Col,cataclysmic_variables,gravitational,1.4913525e+30,1.4913525e+33,0.75,750000000000000.0,8422886.219205303,0.00013148726451389387,1.5510066e+28,0.0104,1.0399999999999999e-05,2.982705e+29,0.005777777777777777,0.017333333333333333
TV Col,cataclysmic_variables,nuclear,1.4913525e+30,1.4913525e+33,0.75,750000000000000.0,8422886.219205303,0.007,4.718464688368292e+29,0.316388291055823,0.000316388291055823,,,
TX Col,cataclysmic_variables,gravitational,1.0737738e+30,1.0737738000000001e+33,0.54,1200000000000000.0,9397595.949881762,8.485166178783095e-05,2.480417478e+28,0.0231,2.31e-05,1.98847e+29,0.004872656249999999,0.0496125
TX Col,cataclysmic_variables,nuclear,1.0737738e+30,1.0737738000000001e+33,0.54,1200000000000000.0,9397595.949881762,0.007,7.549543501389268e+29,0.7030850912351622,0.0007030850912351622,,,
UX UMa,cataclysmic_variables,gravitational,1.789623e+30,1.789623e+33,0.9,400000000000000.0,7926239.399437698,0.00016767128204888402,8.25016203e+27,0.0046099999999999995,4.61e-06,5.96541e+29,0.00172875,0.0103725
UX UMa,cataclysmic_variables,nuclear,1.789623e+30,1.789623e+33,0.9,400000000000000.0,7926239.399437698,0.007,2.516514500463089e+29,0.14061701824703243,0.00014061701824703244,,,
V1084 Her,cataclysmic_variables,gravitational,1.4913525e+30,1.4913525e+33,0.75,400000000000000.0,8422886.219205303,0.00013148726451389387,8.262092849999999e+27,0.00554,5.5399999999999995e-06,2.982705e+29,0.0034624999999999994,0.008656249999999999
V1084 Her,cataclysmic_variables,nuclear,1.4913525e+30,1.4913525e+33,0.75,400000000000000.0,8422886.219205303,0.007,2.516514500463089e+29,0.16874042189643892,0.00016874042189643891,,,
V1223 Sgr,cataclysmic_variables,gravitational,1.8492771e+30,1.8492771e+33,0.93,550000000000000.0,7840077.799281121,0.00017516443686145826,1.1354561394e+28,0.00614,6.14e-06,2.3861639999999997e+29,0.003955116883116882,0.008972255892255893
V1223 Sgr,cataclysmic_variables,nuclear,1.8492771e+30,1.8492771e+33,0.93,550000000000000.0,7840077.799281121,0.007,3.460207438136748e+29,0.18711135492548672,0.0001871113549254867,,,
V3885 Sgr,cataclysmic_variables,gravitational,1.391929e+30,1.391929e+33,0.7,1050000000000000.0,8618837.154670784,0.00011993135096690323,2.1714092399999996e+28,0.0156,1.56e-05,2.7838580000000004e+29,0.006190476190476189,0.02971428571428571
V3885 Sgr,cataclysmic_variables,nuclear,1.391929e+30,1.391929e+33,0.7,1050000000000000.0,8618837.154670784,0.007,6.605850563715609e+29,0.4745824365837345,0.00047458243658373453,,,
V592 Cas,cataclysmic_variables,gravitational,1.6106607e+30,1.6106607e+33,0.81,950000000000000.0,8209556.237301669,0.00014569635862927258,1.965006054e+28,0.0122,1.22e-05,3.181552e+29,0.006434291915355399,0.020804210526315793
V592 Cas,cataclysmic_variables,nuclear,1.6106607e+30,1.6106607e+33,0.81,950000000000000.0,8209556.237301669,0.007,5.976721938599837e+29,0.37107268704078,0.00037107268704078,,,
V603 Aql,cataclysmic_variables,gravitational,2.386164e+30,2.3861639999999998e+33,1.2,240000000000000.0,7201466.418217846,0.00024606150002413625,4.963221119999999e+27,0.00208,2.08e-06,3.97694e+29,0.001337142857142857,0.00312
V603 Aql,cataclysmic_variables,nuclear,2.386164e+30,2.3861639999999998e+33,1.2,240000000000000.0,7201466.418217846,0.007,1.5099087002778536e+29,0.0632776582111646,6.32776582111646e-05,,,
V795 Her,cataclysmic_variables,gravitational,1.3720443e+30,1.3720443e+33,0.69,4600000000000000.0,8660274.50875726,0.00011765240071579261,9.494546555999999e+28,0.0692,6.92e-05,2.7838580000000004e+29,0.010004819277108432,0.15853090909090908
V795 Her,cataclysmic_variables,nuclear,1.3720443e+30,1.3720443e+33,0.69,4600000000000000.0,8660274.50875726,0.007,2.8939916755325524e+30,2.1092552737054864,0.002109255273705486,,,
4U 0513-40,neutron_stars,gravitational,2.783858e+30,2.783858e+33,1.4,14990272168986.234,12000.0,0.1722781306205679,1.3446034139999997e+29,0.048299999999999996,4.8299999999999995e-05,,,
EXO 0748-676,neutron_stars,gravitational,2.783858e+30,2.783858e+33,1.4,6301270229992.142,12000.0,0.1722781306205679,5.651231739999999e+28,0.0203,2.03e-05,,,
4U 0919-54,neutron_stars,gravitational,2.783858e+30,2.783858e+33,1.4,2723642347643.674,12000.0,0.1722781306205679,2.4442273239999995e+28,0.00878,8.779999999999999e-06,,,
4U 1608-52,neutron_stars,gravitational,2.783858e+30,2.783858e+33,1.4,15008797347707.05,12000.0,0.1722781306205679,1.3473872719999998e+29,0.0484,4.84e-05,,,
4U 1636-536,neutron_stars,gravitational,2.783858e+30,2.783858e+33,1.4,31004470032575.355,12000.0,0.1722781306205679,2.7838579999999997e+29,0.09999999999999999,9.999999999999999e-05,,,
MXB 1659-298,neutron_stars,gravitational,2.783858e+30,2.783858e+33,1.4,31520528582655.21,12000.0,0.1722781306205679,2.8395351599999996e+29,0.102,0.000102,,,
4U 1702-429,neutron_stars,gravitational,2.783858e+30,2.783858e+33,1.4,16426351584721.273,12000.0,0.1722781306205679,1.4754447399999999e+29,0.053,5.3e-05,,,
4U 1705-44,neutron_stars,gravitational,2.783858e+30,2.783858e+33,1.4,35582079500975.99,12000.0,0.1722781306205679,3.201436699999999e+29,0.11499999999999999,0.00011499999999999999,,,
XTE J1710-28,neutron_stars,gravitational,2.783858e+30,2.783858e+33,1.4,6657785404149.872,12000.0,0.1722781306205679,5.985294699999999e+28,0.0215,2.1499999999999997e-05,,,
4U 1724-307,neutron_stars,gravitational,2.783858e+30,2.783858e+33,1.4,22116795003422.312,12000.0,0.1722781306205679,1.984890754e+29,0.0713,7.13e-05,,,
4U 1728-34,neutron_stars,gravitational,2.783858e+30,2.783858e+33,1.4,34980893343917.16,12000.0,0.1722781306205679,3.1457595399999996e+29,0.11299999999999999,0.000113,,,
KS 1731-260,neutron_stars,gravitational,2.783858e+30,2.783858e+33,1.4,43353770039229.85,12000.0,0.1722781306205679,3.8974011999999995e+29,0.13999999999999999,0.00014,,,
4U 1735-44,neutron_stars,gravitational,2.783858e+30,2.783858e+33,1.4,90031108366922.72,12000.0,0.1722781306205679,8.073188199999999e+29,0.29,0.00029,,,
"SAX J1747,0-",neutron_stars,gravitational,2.783858e+30,2.783858e+33,1.4,37270895283545.01,12000.0,0.1722781306205679,3.3406296e+29,0.12,0.00011999999999999999,,,
GX 3+1,neutron_stars,gravitational,2.783858e+30,2.783858e+33,1.4,116317958906887.73,12000.0,0.1722781306205679,1.0439467499999999e+30,0.375,0.000375,,,
"SAX J1748,9-",neutron_stars,gravitational,2.783858e+30,2.783858e+33,1.4,88313433632468.89,12000.0,0.1722781306205679,7.933995299999999e+29,0.285,0.000285,,,
EXO 1745-248,neutron_stars,gravitational,2.783858e+30,2.783858e+33,1.4,44203785892780.19,12000.0,0.1722781306205679,3.98091694e+29,0.14300000000000002,0.000143,,,
4U 1746-37,neutron_stars,gravitational,2.783858e+30,2.783858e+33,1.4,128496058537404.64,12000.0,0.1722781306205679,1.1525172119999998e+30,0.414,0.000414,,,
"SAX J1750,8-",neutron_stars,gravitational,2.783858e+30,2.783858e+33,1.4,34301510769196.645,12000.0,0.1722781306205679,3.0900823799999997e+29,0.111,0.000111,,,
GRS 1747-312,neutron_stars,gravitational,2.783858e+30,2.783858e+33,1.4,20361502814219.082,12000.0,0.1722781306205679,1.8262108479999997e+29,0.06559999999999999,6.56e-05,,,
"SAX J1808,4-",neutron_stars,gravitational,2.783858e+30,2.783858e+33,1.4,9010546112505.387,12000.0,0.1722781306205679,8.10102678e+28,0.0291,2.91e-05,,,
GX 17+2,neutron_stars,gravitational,2.783858e+30,2.783858e+33,1.4,965218521085253.8,12000.0,0.1722781306205679,8.657798379999999e+30,3.11,0.00311,,,
3A 1820-303,neutron_stars,gravitational,2.783858e+30,2.783858e+33,1.4,50262464496666.414,12000.0,0.1722781306205679,4.509849959999999e+29,0.16199999999999998,0.00016199999999999998,,,
XB 1832-330,neutron_stars,gravitational,2.783858e+30,2.783858e+33,1.4,6962694723299.618,12000.0,0.1722781306205679,6.23584192e+28,0.0224,2.24e-05,,,
Ser X-1,neutron_stars,gravitational,2.783858e+30,2.783858e+33,1.4,194253511806981.53,12000.0,0.1722781306205679,1.7426951079999996e+30,0.6259999999999999,0.0006259999999999999,,,
"HETE J1900,1",neutron_stars,gravitational,2.783858e+30,2.783858e+33,1.4,5938769028696.732,12000.0,0.1722781306205679,5.317168779999999e+28,0.0191,1.91e-05,,,
Aql X-1,neutron_stars,gravitational,2.783858e+30,2.783858e+33,1.4,22582381893109.742,12000.0,0.1722781306205679,2.0266486239999995e+29,0.07279999999999999,7.28e-05,,,
4U 1916-053,neutron_stars,gravitational,2.783858e+30,2.783858e+33,1.4,11947732101934.24,12000.0,0.1722781306205679,1.07178533e+29,0.0385,3.85e-05,,,
4U 2129+12,neutron_stars,gravitational,2.783858e+30,2.783858e+33,1.4,6061640112049.079,12000.0,0.1722781306205679,5.428523099999999e+28,0.0195,1.95e-05,,,
Cyg X-2,neutron_stars,gravitational,2.783858e+30,2.783858e+33,1.4,886757458013283.8,12000.0,0.1722781306205679,7.961833879999999e+30,2.86,0.0028599999999999997,,,
GRO J0422+32,transient_black_holes,gravitational,7.8942259e+30,7.8942259e+33,3.97,1682388679747.5093,81476.90550000001,0.07195141540326115,1.5077971469e+28,0.00191,1.91e-06,,,
A620-00,transient_black_holes,gravitational,2.187317e+31,2.187317e+34,11.0,3421487090273.025,225754.65,0.07195141540326115,3.0622438e+28,0.0014,1.4e-06,,,
GRS 1009-45,transient_black_holes,gravitational,7.755033e+30,7.755033e+33,3.9,16571843549572.848,80040.28499999999,0.07195141540326117,1.4889663359999998e+29,0.0192,1.92e-05,,,
XTE J1118+480,transient_black_holes,gravitational,1.6961649099999998e+31,1.69616491e+34,8.53,12602162395112.43,175062.46949999995,0.07195141540326118,1.13134199497e+29,0.00667,6.67e-06,,,
GS 1124684,transient_black_holes,gravitational,1.4913525e+31,1.4913525e+34,7.5,20982600387862.195,153923.625,0.07195141540326117,1.87910415e+29,0.0126,1.26e-05,,,
GS 135464,transient_black_holes,gravitational,1.14337025e+31,1.1433702500000002e+34,5.750000000000001,102707623520166.3,118008.11249999999,0.07195141540326117,9.238431620000001e+29,0.0808,8.08e-05,,,
4U 154347,transient_black_holes,gravitational,1.8691618e+31,1.8691618e+34,9.4,71202217532385.23,192917.61000000002,0.07195141540326115,6.373841738e+29,0.0341,3.4099999999999995e-05,,,
XTE J1550564,transient_black_holes,gravitational,2.0878934999999998e+31,2.0878935e+34,10.499999999999998,100187191041143.83,215493.07499999998,0.07195141540326115,8.977942049999998e+29,0.043,4.2999999999999995e-05,,,
XTE J1650500,transient_black_holes,gravitational,5.4285231e+30,5.4285231e+33,2.73,6868178505336.274,56028.1995,0.07195141540326117,6.188516334e+28,0.011399999999999999,1.14e-05,,,
GRO J165540,transient_black_holes,gravitational,1.2527361e+31,1.2527360999999999e+34,6.3,55008438854665.76,129295.84499999999,0.07195141540326115,4.935780233999999e+29,0.0394,3.9399999999999995e-05,,,
MAXI J1659352,transient_black_holes,gravitational,1.1533126e+31,1.1533126e+34,5.8,8884524488554.264,119034.26999999999,0.07195141540326117,7.980923192e+28,0.00692,6.92e-06,,,
GX 3394,transient_black_holes,gravitational,1.0538891e+31,1.0538891e+34,5.3,800237312089639.2,108772.69499999998,0.07195141540326117,7.176984770999999e+30,0.6809999999999999,0.000681,,,
4U 1705250,transient_black_holes,gravitational,9.405463100000001e+30,9.405463100000001e+33,4.73,18399157096864.15,97074.4995,0.07195141540326117,1.6553615056e+29,0.0176,1.76e-05,,,
GRS 1915+105,transient_black_holes,gravitational,2.783858e+31,2.783858e+34,14.0,9766675856212134.0,287324.1,0.07195141540326117,8.79699128e+31,3.16,0.00316,,,
GS 2000+25,transient_black_holes,gravitational,1.9089312e+31,1.9089311999999998e+34,9.6,4120907103201.7646,197022.24,0.07195141540326117,3.703326527999999e+28,0.0019399999999999997,1.9399999999999996e-06,,,
V404 Cyg,transient_black_holes,gravitational,2.386164e+31,2.386164e+34,12.0,58978120009126.18,246277.8,0.07195141540326117,5.2972840799999994e+29,0.022199999999999998,2.2199999999999998e-05,,,
Cyg X-1,transient_black_holes,gravitational,2.9429356e+31,2.9429356e+34,14.8,888452448855426.4,303742.62,0.07195141540326115,7.975355475999999e+30,0.27099999999999996,0.000271,,,
LMC X-1,transient_black_holes,gravitational,2.16942077e+31,2.16942077e+34,10.91,4146111427991989.0,223907.5665,0.07195141540326115,3.7314037244e+31,1.72,0.00172,,,
LMC X-3,transient_black_holes,gravitational,2.2072017e+31,2.2072017e+34,11.100000000000001,4190218996374883.5,227806.96499999997,0.07195141540326117,3.75224289e+31,1.7,0.0017,,,
